Episodes,Goal Rates
1,0.0
2,0.0
3,0.0
4,0.0
5,0.0
6,0.0
7,0.0
8,0.0
9,0.0
10,0.0
11,0.0
12,0.0
13,0.0
14,0.0714000016450882
15,0.06669999659061432
16,0.125
17,0.11760000139474869
18,0.11110000312328339
19,0.10530000180006027
20,0.10000000149011612
21,0.09520000219345093
