Episodes,Goal Rates
1,0.0
2,0.5
3,0.33329999446868896
4,0.25
5,0.20000000298023224
6,0.16670000553131104
7,0.1429000049829483
8,0.125
9,0.11110000312328339
10,0.10000000149011612
11,0.0908999964594841
