Episodes,Goal Rates
1,0.0
2,0.5
3,0.33329999446868896
4,0.25
5,0.20000000298023224
6,0.33329999446868896
7,0.2856999933719635
8,0.25
9,0.22220000624656677
10,0.20000000298023224
