Episodes,Rewards
1,-1673.4088134765625
2,920.5036010742188
3,-1567.0655517578125
4,-1179.436279296875
5,-1219.5255126953125
6,938.6902465820312
7,-1263.8695068359375
8,-1133.665771484375
9,-1207.82470703125
10,-1196.225830078125
