Episodes,Goal Rates
1,0.0
2,0.5
3,0.666700005531311
4,0.5
5,0.4000000059604645
6,0.33329999446868896
7,0.2856999933719635
8,0.25
9,0.22220000624656677
10,0.30000001192092896
